-- TipoTrufa
INSERT INTO TipoTrufa (tipo_trufa) VALUES
('Ao Leite'), ('Meio Amargo'), ('Branco'), ('Sem Açúcar'), ('Vegana'),
('Diet'), ('Zero Lactose'), ('Com Licor'), ('Fit'), ('Recheada'),
('Tradicional'), ('Infantil'), ('Premium'), ('Pimenta'), ('Especial'),
('Festa'), ('Saudável'), ('Exótica'), ('Baunilha'), ('Frutada');

-- SaborTrufa
INSERT INTO SaborTrufa (sabor) VALUES
('Morango'), ('Maracujá'), ('Limão'), ('Amendoim'), ('Coco'),
('Menta'), ('Capuccino'), ('Café'), ('Cereja'), ('Frutas Vermelhas'),
('Chocolate'), ('Baunilha'), ('Avelã'), ('Pistache'), ('Caramelo'),
('Leite Condensado'), ('Romeu e Julieta'), ('Doce de Leite'),
('Laranja'), ('Uva');

-- Cliente
INSERT INTO Cliente (nome, cpf, data_nascimento, genero) VALUES
('Ana Silva', 12345678900, '1990-05-12', 'F'),
('Bruno Lima', 22345678900, '1985-04-20', 'M'),
('Carla Souza', 32345678900, '1992-11-10', 'F'),
('Daniel Rocha', 42345678900, '1988-03-14', 'M'),
('Eduarda Melo', 52345678900, '1995-06-02', 'F'),
('Fábio Pires', 62345678900, '1979-09-27', 'M'),
('Gabriela Nunes', 72345678900, '1983-08-15', 'F'),
('Henrique Borges', 82345678900, '1997-01-03', 'M'),
('Isabela Teixeira', 92345678900, '1991-07-30', 'F'),
('João Vitor', 10234567890, '1980-02-18', 'M'),
('Karen Ramos', 11234567890, '1987-12-12', 'F'),
('Lucas Fernandes', 12234567890, '1993-05-05', 'M'),
('Mariana Dias', 13234567890, '1994-03-22', 'F'),
('Nicolas Alves', 14234567890, '1986-01-25', 'M'),
('Olivia Martins', 15234567890, '1999-08-19', 'F'),
('Paulo Henrique', 16234567890, '1978-10-11', 'M'),
('Quésia Lopes', 17234567890, '1989-06-07', 'F'),
('Renan Cruz', 18234567890, '1996-12-09', 'M'),
('Sara Monteiro', 19234567890, '1990-04-04', 'F'),
('Thiago Souza', 20234567890, '1984-09-01', 'M');

-- EnderecoCliente
INSERT INTO EnderecoCliente (id_cliente, logradouro, id_cidade, id_estado, id_pais) VALUES
(1, 'Rua A', 101, 11, 1), (2, 'Rua B', 102, 11, 1), (3, 'Rua C', 103, 12, 1),
(4, 'Rua D', 104, 12, 1), (5, 'Rua E', 105, 13, 1), (6, 'Rua F', 106, 13, 1),
(7, 'Rua G', 107, 14, 1), (8, 'Rua H', 108, 14, 1), (9, 'Rua I', 109, 15, 1),
(10, 'Rua J', 110, 15, 1), (11, 'Rua K', 111, 16, 1), (12, 'Rua L', 112, 16, 1),
(13, 'Rua M', 113, 17, 1), (14, 'Rua N', 114, 17, 1), (15, 'Rua O', 115, 18, 1),
(16, 'Rua P', 116, 18, 1), (17, 'Rua Q', 117, 19, 1), (18, 'Rua R', 118, 19, 1),
(19, 'Rua S', 119, 20, 1), (20, 'Rua T', 120, 20, 1);

-- TelefoneCliente
INSERT INTO TelefoneCliente (id_cliente, codigo_pais, ddd, telefone) VALUES
(1, 55, 11, 912345678), (2, 55, 11, 923456789), (3, 55, 21, 934567890),
(4, 55, 21, 945678901), (5, 55, 31, 956789012), (6, 55, 31, 967890123),
(7, 55, 41, 978901234), (8, 55, 41, 989012345), (9, 55, 51, 990123456),
(10, 55, 51, 901234567), (11, 55, 61, 912345679), (12, 55, 61, 923456780),
(13, 55, 71, 934567891), (14, 55, 71, 945678902), (15, 55, 81, 956789013),
(16, 55, 81, 967890124), (17, 55, 91, 978901235), (18, 55, 91, 989012346),
(19, 55, 95, 990123457), (20, 55, 95, 901234568);

-- Trufa
INSERT INTO Trufa (id_tipo_trufa, id_sabor_trufa, preco, estoque) VALUES
(1, 1, 2.50, 100), (2, 2, 2.70, 120), (3, 3, 2.60, 90),
(4, 4, 2.80, 110), (5, 5, 3.00, 95), (6, 6, 2.90, 105),
(7, 7, 3.20, 85), (8, 8, 3.40, 75), (9, 9, 3.10, 100),
(10, 10, 3.30, 70), (11, 11, 2.50, 100), (12, 12, 2.70, 100),
(13, 13, 3.50, 80), (14, 14, 3.60, 60), (15, 15, 3.80, 50),
(16, 16, 2.90, 100), (17, 17, 3.00, 100), (18, 18, 3.10, 100),
(19, 19, 2.60, 100), (20, 20, 3.20, 100);

-- Pedido
INSERT INTO Pedido (id_cliente, data_pedido) VALUES
(1, '2025-07-01'), (2, '2025-07-02'), (3, '2025-07-03'), (4, '2025-07-04'),
(5, '2025-07-05'), (6, '2025-07-06'), (7, '2025-07-07'), (8, '2025-07-08'),
(9, '2025-07-09'), (10, '2025-07-10'), (11, '2025-07-11'), (12, '2025-07-12'),
(13, '2025-07-13'), (14, '2025-07-14'), (15, '2025-07-15'),
(16, '2025-07-16'), (17, '2025-07-17'), (18, '2025-07-18'),
(19, '2025-07-19'), (20, '2025-07-20');

-- ItemPedido
INSERT INTO ItemPedido (id_pedido, id_trufa, quantidade, total_pedido) VALUES
(1, 1, 2, 5.00), (2, 2, 3, 8.10), (3, 3, 1, 2.60), (4, 4, 4, 11.20),
(5, 5, 2, 6.00), (6, 6, 1, 2.90), (7, 7, 3, 9.60), (8, 8, 2, 6.80),
(9, 9, 1, 3.10), (10, 10, 5, 16.50), (11, 11, 2, 5.00), (12, 12, 3, 8.10),
(13, 13, 1, 3.50), (14, 14, 2, 7.20), (15, 15, 1, 3.80), (16, 16, 2, 5.80),
(17, 17, 1, 3.00), (18, 18, 3, 9.30), (19, 19, 1, 2.60), (20, 20, 2, 6.40);
